City_ID,City,Country,Lat,Lng,Max Temp,Humidity,Cloudiness,Wind Speed,Current Description
0,Albany,US,42.6,-73.97,81.0,67,32,13.4,scattered clouds
1,Thompson,CA,55.74,-97.86,75.2,38,20,4.7,few clouds
2,Cayenne,GF,4.93,-52.33,84.2,70,67,5.82,light rain
3,Boueni,YT,-12.9,45.08,75.2,78,0,8.05,clear sky
4,Ushuaia,AR,-54.8,-68.3,41.0,75,40,24.16,scattered clouds
5,Camana,PE,-16.62,-72.71,64.06,67,92,8.34,overcast clouds
6,Kungurtug,RU,50.6,97.52,47.93,84,61,0.92,broken clouds
7,Vaini,TO,-21.2,-175.2,73.4,88,75,8.05,broken clouds
8,Timra,SE,62.49,17.33,63.0,82,38,10.29,scattered clouds
9,Narsaq,GL,60.92,-46.05,55.4,71,100,5.82,light intensity drizzle
10,Atikokan,CA,48.76,-91.62,70.0,36,77,8.72,broken clouds
11,Sitka,US,57.05,-135.33,57.2,87,90,5.82,mist
12,Bluff,NZ,-46.6,168.33,46.51,95,41,5.57,scattered clouds
13,Hilo,US,19.73,-155.09,77.0,73,90,8.05,overcast clouds
14,Samarai,PG,-10.62,150.67,76.84,86,100,11.74,light rain
15,Nikolskoye,RU,59.7,30.79,59.0,82,75,4.47,light intensity shower rain
16,Upernavik,GL,72.79,-56.15,43.61,65,100,7.65,overcast clouds
17,Punta Arenas,CL,-53.15,-70.92,44.6,65,0,20.8,clear sky
18,Bambanglipuro,ID,-7.95,110.28,70.38,88,61,3.2,broken clouds
19,Tiksi,RU,71.69,128.87,42.8,90,100,5.19,overcast clouds
20,Tomatlan,MX,19.93,-105.25,92.93,49,55,2.15,broken clouds
21,Dharur,IN,18.82,76.12,76.35,82,97,14.65,moderate rain
22,Bethel,US,41.37,-73.41,80.01,88,90,8.05,overcast clouds
23,Sola,VU,-13.88,167.55,76.33,90,24,16.91,few clouds
24,Alihe,CN,50.57,123.72,65.17,95,100,6.69,moderate rain
25,Cape Town,ZA,-33.93,18.42,61.0,87,0,10.29,clear sky
26,Avarua,CK,-21.21,-159.78,66.2,88,0,1.12,clear sky
27,Bengkulu,ID,-3.8,102.27,76.01,91,32,5.97,light rain
28,Kaitangata,NZ,-46.28,169.85,50.0,85,100,1.99,overcast clouds
29,Kapaa,US,22.08,-159.32,80.6,69,1,11.41,clear sky
30,Rikitea,PF,-23.12,-134.97,72.84,75,92,12.86,overcast clouds
31,Ribeira Grande,PT,38.52,-28.7,75.2,69,20,8.05,few clouds
32,Roald,NO,62.58,6.13,55.0,93,75,10.29,light intensity drizzle
33,Hithadhoo,MV,-0.6,73.08,83.05,77,55,11.68,broken clouds
34,Faya,SA,18.39,42.45,68.0,77,20,3.36,few clouds
35,Butaritari,KI,3.07,172.79,82.47,73,6,15.93,clear sky
36,Busselton,AU,-33.65,115.33,43.0,98,78,10.63,broken clouds
37,Severo-Kurilsk,RU,50.68,156.12,52.56,84,100,8.5,overcast clouds
38,Georgetown,MY,5.41,100.34,84.2,79,20,4.7,few clouds
39,Chuy,UY,-33.7,-53.46,63.45,85,100,4.9,overcast clouds
40,Tasiilaq,GL,65.61,-37.64,50.0,61,0,14.99,clear sky
41,Tuktoyaktuk,CA,69.45,-133.04,48.2,81,90,16.11,light rain
42,Thanh Hoa,VN,19.8,105.77,76.32,94,99,4.54,overcast clouds
43,Tupik,RU,54.43,119.93,58.57,94,100,3.85,overcast clouds
44,Qaanaaq,GL,77.48,-69.36,38.61,82,100,13.15,overcast clouds
45,Teguise,ES,29.06,-13.56,78.8,69,0,28.86,clear sky
46,Vila Franca Do Campo,PT,37.72,-25.43,75.2,64,20,8.05,few clouds
47,Hermanus,ZA,-34.42,19.23,61.2,66,0,4.47,clear sky
48,Makakilo City,US,21.35,-158.09,80.6,61,20,8.05,few clouds
49,Rundu,NA,-17.93,19.77,59.49,32,0,5.3,clear sky
50,Necochea,AR,-38.55,-58.74,54.0,82,74,8.01,broken clouds
51,Mataura,NZ,-46.19,168.86,47.03,95,92,1.88,overcast clouds
52,Kruisfontein,ZA,-34.0,24.73,65.7,27,0,9.51,clear sky
53,Castro,BR,-24.79,-50.01,67.01,53,0,5.32,clear sky
54,Fortuna,US,40.6,-124.16,66.99,76,4,5.01,clear sky
55,New Norfolk,AU,-42.78,147.06,46.0,85,96,1.01,light rain
56,Maues,BR,-3.38,-57.72,97.29,26,1,5.03,clear sky
57,Hobart,AU,-42.88,147.33,46.4,75,49,9.17,light rain
58,Marawi,PH,8.0,124.29,77.0,90,100,4.0,overcast clouds
59,Campbellsville,US,37.34,-85.34,78.8,54,75,4.7,broken clouds
60,Huilong,CN,31.81,121.66,84.99,78,99,3.0,overcast clouds
61,Kawalu,ID,-7.38,108.21,69.33,91,100,1.34,overcast clouds
62,Barrow,US,71.29,-156.79,39.2,80,90,11.41,overcast clouds
63,Beringovskiy,RU,63.05,179.32,47.3,76,100,18.79,overcast clouds
64,Kodinsk,RU,58.69,99.18,60.58,72,100,2.73,overcast clouds
65,Yenagoa,NG,4.92,6.26,74.07,88,22,5.06,few clouds
66,Springdale,US,36.19,-94.13,84.2,54,40,6.93,scattered clouds
67,Batemans Bay,AU,-35.72,150.18,41.0,91,100,4.52,overcast clouds
68,San Patricio,MX,19.22,-104.7,91.4,70,5,9.17,clear sky
69,Hwange,ZW,-18.37,26.5,57.76,38,0,1.54,clear sky
70,Manacapuru,BR,-3.3,-60.62,80.6,74,40,6.93,scattered clouds
71,Mormugao,IN,15.4,73.8,78.8,100,90,6.93,light rain
72,Berlevag,NO,70.86,29.09,48.38,85,100,10.47,overcast clouds
73,Karaton,ID,-6.34,106.1,78.8,78,40,4.7,mist
74,Mugur-Aksy,RU,50.35,90.5,43.25,80,7,2.95,clear sky
75,Vostok,RU,46.49,135.88,62.69,99,100,2.44,overcast clouds
76,Atuona,PF,-9.8,-139.03,78.62,75,1,16.87,clear sky
77,Port Alfred,ZA,-33.59,26.89,72.95,24,0,8.95,clear sky
78,Sao Filipe,CV,14.9,-24.5,78.67,86,86,7.85,overcast clouds
79,Scottsbluff,US,41.87,-103.67,78.01,50,90,11.41,overcast clouds
80,Salinopolis,BR,-0.61,-47.36,82.76,74,5,11.12,light rain
81,Trincomalee,LK,8.57,81.23,82.18,74,100,21.45,overcast clouds
82,Aklavik,CA,68.22,-135.01,51.8,93,90,6.93,overcast clouds
83,Stornoway,GB,58.21,-6.39,55.0,93,100,4.7,light rain
84,Port Augusta,AU,-32.5,137.77,48.2,93,100,5.82,overcast clouds
85,Jamestown,US,42.1,-79.24,73.0,88,90,13.87,mist
86,Dunedin,NZ,-45.87,170.5,48.99,89,92,4.97,overcast clouds
87,Comodoro Rivadavia,AR,-45.87,-67.5,57.2,50,68,12.75,broken clouds
88,Lasa,IT,46.62,10.7,66.0,88,75,5.82,thunderstorm
89,Auxerre,FR,47.8,3.57,73.0,42,78,1.01,broken clouds
90,Shestakovo,RU,56.49,103.96,54.88,75,47,4.27,scattered clouds
91,Krasnyy Chikoy,RU,50.36,108.75,57.4,90,100,3.44,overcast clouds
92,Makurdi,NG,7.74,8.51,75.11,88,100,6.31,overcast clouds
93,Airai,TL,-8.93,125.41,52.43,85,9,1.68,clear sky
94,Puerto Ayora,EC,-0.74,-90.35,75.2,69,75,16.11,broken clouds
95,Sistranda,NO,63.73,8.83,59.0,87,75,11.41,broken clouds
96,Yebaishou,CN,41.4,119.64,68.83,86,0,4.54,clear sky
97,Mattru,SL,7.62,-11.83,71.62,97,100,2.3,overcast clouds
98,Khatanga,RU,71.97,102.5,58.98,80,8,5.59,clear sky
99,Lagoa,PT,39.05,-27.98,71.82,75,0,13.42,clear sky
100,Fort Nelson,CA,58.81,-122.7,73.4,53,75,11.41,broken clouds
101,Bathsheba,BB,13.22,-59.52,87.8,70,40,16.11,scattered clouds
102,Leningradskiy,RU,69.38,178.42,37.4,90,100,8.55,overcast clouds
103,Banjar,ID,-8.19,114.97,75.2,100,20,2.24,few clouds
104,Pacific Grove,US,36.62,-121.92,68.0,68,75,8.05,broken clouds
105,Atlantic City,US,39.36,-74.42,87.8,66,1,13.87,clear sky
106,Lincoln,US,40.8,-96.67,78.01,61,75,12.75,broken clouds
107,Ponta Do Sol,PT,32.67,-17.1,73.0,70,2,6.53,clear sky
108,Clyde River,CA,70.47,-68.59,60.8,51,75,8.05,broken clouds
109,Rosetown,CA,51.55,-108.0,77.0,43,38,5.99,scattered clouds
110,Mar Del Plata,AR,-38.0,-57.56,60.8,55,100,10.29,overcast clouds
111,Yellowknife,CA,62.46,-114.35,78.01,60,75,18.34,broken clouds
112,Anito,PH,12.45,125.29,80.22,85,100,6.08,light rain
113,Guerrero Negro,MX,27.98,-114.06,84.94,47,27,15.05,scattered clouds
114,Arraial Do Cabo,BR,-22.97,-42.03,75.2,53,40,10.29,scattered clouds
115,Paita,PE,-5.09,-81.11,69.6,67,0,16.51,clear sky
116,Macae,BR,-22.37,-41.79,75.2,64,20,9.17,few clouds
117,Souillac,MU,-20.52,57.52,69.8,73,75,17.22,broken clouds
118,Arrifes,PT,37.77,-25.7,75.2,64,20,8.05,few clouds
119,Lompoc,US,34.64,-120.46,66.2,72,0,12.75,clear sky
120,Pevek,RU,69.7,170.31,37.22,85,100,2.1,overcast clouds
121,Erenhot,CN,43.65,111.98,66.67,53,97,17.0,overcast clouds
122,Asfi,MA,32.3,-9.24,74.61,70,80,21.14,broken clouds
123,Ryotsu,JP,38.08,138.43,71.6,94,100,1.12,overcast clouds
124,Ribeira Brava,PT,32.65,-17.07,73.0,90,2,1.01,clear sky
125,Karratha,AU,-20.74,116.85,68.18,73,84,8.08,broken clouds
126,Acapulco,MX,16.86,-99.89,87.8,74,20,9.17,few clouds
127,Howard Springs,AU,-12.5,131.05,68.0,88,30,5.82,scattered clouds
128,Tafresh,IR,34.69,50.01,75.65,19,0,11.32,clear sky
129,Nouakchott,MR,18.09,-15.98,86.0,70,100,24.16,sand
130,Leshukonskoye,RU,64.9,45.76,50.31,95,100,8.5,overcast clouds
131,Abu Samrah,SY,35.3,37.18,77.11,57,0,12.68,clear sky
132,Kavieng,PG,-2.57,150.8,82.06,76,0,4.74,clear sky
133,Port Elizabeth,ZA,-33.92,25.57,68.0,37,0,9.17,clear sky
134,Nantucket,US,41.28,-70.1,77.0,73,1,16.11,clear sky
135,Aykhal,RU,66.0,111.5,62.6,48,100,4.47,overcast clouds
136,Fort-Shevchenko,KZ,44.51,50.26,79.68,59,96,13.04,overcast clouds
137,Sembakung,ID,3.82,117.25,74.19,97,100,1.86,overcast clouds
138,Half Moon Bay,US,37.46,-122.43,73.0,82,20,6.93,few clouds
139,Gardenstown,GB,57.67,-2.34,55.99,56,100,1.01,overcast clouds
140,Siguiri,GN,11.67,-9.5,76.19,90,100,4.65,light rain
141,Progreso,MX,21.28,-89.67,95.0,49,75,4.7,broken clouds
142,Luena,AO,-11.78,19.92,59.72,36,43,3.76,scattered clouds
143,Ancud,CL,-41.87,-73.82,55.99,81,75,18.34,broken clouds
144,Madanapalle,IN,13.55,78.5,72.97,73,100,24.11,overcast clouds
145,Garowe,SO,8.41,48.48,81.77,34,0,16.84,clear sky
146,Cidreira,BR,-30.18,-50.21,65.41,64,100,8.93,overcast clouds
147,Hamilton,US,39.18,-84.53,79.0,64,75,10.29,broken clouds
148,Mastic Beach,US,40.77,-72.85,82.0,78,90,14.99,overcast clouds
149,Iqaluit,CA,63.75,-68.51,53.6,76,75,8.05,broken clouds
150,Kantabanji,IN,20.48,82.92,79.99,83,73,4.45,moderate rain
151,Lavrentiya,RU,65.58,-171.0,46.06,72,64,8.57,broken clouds
152,Cherskiy,RU,68.75,161.3,48.51,76,79,3.02,broken clouds
153,Flinders,AU,-34.58,150.86,46.0,84,0,1.01,clear sky
154,East London,ZA,-33.02,27.91,72.57,22,0,8.46,clear sky
155,Saint-Philippe,RE,-21.36,55.77,69.8,60,90,12.75,overcast clouds
156,Praya,CV,14.92,-23.51,84.2,79,20,12.75,few clouds
157,Esperance,AU,-33.87,121.9,48.2,87,59,10.29,light rain
158,De-Kastri,RU,51.47,140.78,55.4,89,100,5.53,overcast clouds
159,Tual,ID,-5.67,132.75,76.96,82,13,17.52,few clouds
160,Virden,US,39.5,-89.77,81.0,68,0,1.01,light rain
161,Provideniya,RU,64.38,-173.3,45.64,62,100,10.76,overcast clouds
162,Hobyo,SO,5.35,48.53,79.02,72,90,27.38,overcast clouds
163,Vrangel,RU,42.73,133.08,67.41,96,100,10.96,light rain
164,Bredasdorp,ZA,-34.53,20.04,51.8,93,0,4.7,clear sky
165,Birin,NP,26.89,88.07,82.4,88,40,1.12,scattered clouds
166,Prince George,CA,53.92,-122.75,77.0,60,1,6.93,clear sky
167,Port Lincoln,AU,-34.73,135.87,52.93,79,100,10.4,overcast clouds
168,Usinsk,RU,65.99,57.53,57.07,93,100,10.16,overcast clouds
169,Puerto Escondido,MX,15.85,-97.07,87.8,62,75,6.93,broken clouds
170,Kletnya,RU,53.39,33.22,54.86,93,0,3.8,clear sky
171,Saint George,US,37.1,-113.58,100.99,15,1,3.36,clear sky
172,Ca Mau,VN,9.18,105.15,77.85,92,100,7.09,moderate rain
173,Peniche,PT,39.36,-9.38,71.01,77,0,14.0,clear sky
174,Talakan,RU,50.32,130.37,66.24,90,100,9.04,light rain
175,Nagykovacsi,HU,47.65,19.02,75.99,56,100,6.93,overcast clouds
176,Kathu,TH,7.92,98.33,84.0,78,75,17.22,broken clouds
177,Viedma,AR,-40.81,-63.0,59.0,45,0,3.0,clear sky
178,Gondal,IN,21.97,70.8,87.01,10,100,9.17,overcast clouds
179,Husavik,IS,66.04,-17.34,53.6,81,90,8.05,overcast clouds
180,Negombo,LK,7.21,79.84,77.0,94,40,5.82,scattered clouds
181,Itacoatiara,BR,-3.14,-58.44,91.4,59,75,5.82,broken clouds
182,Aksu,CN,41.12,80.26,79.39,30,60,8.19,broken clouds
183,Saskylakh,RU,71.92,114.08,60.73,74,43,4.85,light rain
184,Kulhudhuffushi,MV,6.62,73.07,82.36,81,100,19.3,light rain
185,Alta Floresta,BR,-9.88,-56.09,93.2,24,20,4.7,few clouds
186,Los Llanos De Aridane,ES,28.66,-17.92,75.99,78,20,16.11,few clouds
187,Harper,LR,4.38,-7.72,74.35,74,100,5.44,overcast clouds
188,Kadnikov,RU,59.5,40.34,50.4,94,52,3.15,broken clouds
189,Gallup,US,35.53,-108.74,88.0,22,1,13.87,clear sky
190,Katsuura,JP,35.13,140.3,75.2,94,20,5.82,few clouds
191,Carnarvon,AU,-24.87,113.63,59.0,87,2,10.29,clear sky
192,Chara,RU,56.91,118.26,55.87,89,100,2.26,moderate rain
193,Dengfeng,CN,34.46,113.03,82.0,1,1,3.29,clear sky
194,Karabuk,TR,41.2,32.63,62.67,70,0,1.79,clear sky
195,Bilibino,RU,68.05,166.44,45.81,73,100,1.81,overcast clouds
196,Ambon,ID,-3.7,128.18,75.99,16,100,1.01,overcast clouds
197,Mount Gambier,AU,-37.83,140.77,44.6,87,90,9.17,overcast clouds
198,Quelimane,MZ,-17.88,36.89,66.34,88,50,4.68,scattered clouds
199,Constitucion,CL,-35.33,-72.42,60.12,75,1,5.32,clear sky
200,Zhob,PK,31.34,69.45,88.05,27,0,4.38,clear sky
201,Lazarev,RU,52.23,141.51,54.99,87,90,17.25,overcast clouds
202,Guarapari,BR,-20.67,-40.5,75.0,61,2,7.74,clear sky
203,Cuamba,MZ,-14.8,36.54,63.52,77,40,4.5,scattered clouds
204,Tarakan,ID,3.3,117.63,79.02,85,92,6.87,overcast clouds
205,Longyearbyen,SJ,78.22,15.64,48.2,87,20,3.36,few clouds
206,Carbonia,IT,39.17,8.52,89.01,58,0,12.75,clear sky
207,Palmer,US,42.16,-72.33,82.0,65,90,13.87,light rain
208,Dingle,PH,11.0,122.67,76.53,83,100,4.0,overcast clouds
209,Kavaratti,IN,10.57,72.64,82.44,79,100,21.94,light rain
210,Muros,ES,42.78,-9.06,68.0,67,100,10.0,overcast clouds
211,Hasaki,JP,35.73,140.83,69.8,100,20,3.36,few clouds
212,Synya,RU,65.37,58.04,55.35,96,100,5.93,overcast clouds
213,Mason City,US,43.15,-93.2,71.6,64,90,14.99,overcast clouds
214,Wilmington,US,34.23,-77.94,93.2,49,1,10.29,clear sky
215,Hanna,CA,51.63,-111.9,82.0,47,0,11.01,clear sky
216,Piacabucu,BR,-10.41,-36.43,75.63,79,59,10.56,broken clouds
217,Kimbe,PG,-5.55,150.14,76.91,83,11,5.19,few clouds
218,Hailey,US,43.52,-114.32,84.2,26,5,10.29,clear sky
219,Belyy Yar,RU,53.6,91.39,59.0,93,100,2.24,overcast clouds
220,Nanzhang,CN,31.78,111.84,80.65,81,94,4.5,overcast clouds
221,Vanimo,PG,-2.67,141.3,76.28,83,41,3.13,scattered clouds
222,Foix,FR,42.83,1.58,64.99,25,93,5.01,overcast clouds
223,Banda Aceh,ID,5.56,95.32,80.94,73,100,13.42,overcast clouds
224,Tilichiki,RU,60.47,166.1,50.52,81,77,3.49,broken clouds
225,Maraa,BR,-1.83,-65.37,91.56,42,78,3.62,broken clouds
226,Auki,SB,-8.77,160.7,76.75,85,6,4.14,clear sky
227,Gizo,SB,-8.1,156.84,80.85,79,6,8.79,clear sky
228,Maceio,BR,-9.67,-35.74,75.2,88,75,8.05,shower rain
229,Torbay,CA,47.67,-52.73,64.0,82,75,16.11,broken clouds
230,Ibirama,BR,-27.06,-49.52,77.0,99,0,3.09,clear sky
231,Alofi,NU,-19.06,-169.92,60.8,93,97,1.12,overcast clouds
232,Sangar,RU,63.92,127.47,51.82,68,0,4.21,clear sky
233,Kahului,US,20.89,-156.47,80.6,61,40,12.75,scattered clouds
234,Imeni Poliny Osipenko,RU,52.42,136.49,51.94,92,100,9.95,overcast clouds
235,Manadhoo,MV,5.77,73.38,82.56,81,100,17.47,light rain
236,Bestobe,KZ,52.5,73.1,76.53,51,0,9.26,clear sky
237,Taksimo,RU,56.34,114.88,57.45,85,83,1.83,broken clouds
238,Cabo San Lucas,MX,22.89,-109.91,91.4,52,20,4.16,few clouds
239,Goderich,CA,43.75,-81.72,75.99,86,74,14.05,light rain
240,Hailun,CN,47.45,126.93,68.52,97,100,3.56,moderate rain
241,Perth,AU,-31.93,115.83,46.99,93,20,8.05,few clouds
242,Dukstas,LT,55.53,26.33,55.83,80,99,1.72,overcast clouds
243,Latacunga,EC,-0.93,-78.62,68.0,45,20,11.41,few clouds
244,Carahue,CL,-38.7,-73.17,57.2,82,20,3.36,few clouds
245,Sandakan,MY,5.84,118.12,80.6,88,20,3.29,few clouds
246,Agadez,NE,19.75,10.25,94.03,26,33,8.25,scattered clouds
247,Mahebourg,MU,-20.41,57.7,69.8,73,75,17.22,broken clouds
248,Santa Comba,ES,43.03,-8.81,68.0,3,100,1.01,overcast clouds
249,Gat,IL,31.61,34.76,82.0,59,0,1.01,clear sky
250,Allapalli,IN,19.42,80.07,81.16,85,100,0.87,moderate rain
251,Junqueiro,BR,-9.93,-36.48,73.31,85,37,9.64,light rain
252,Kodiak,US,57.79,-152.41,57.2,76,1,5.82,clear sky
253,Fernie,CA,49.5,-115.07,84.2,50,20,6.53,few clouds
254,Margate,GB,51.38,1.39,70.0,59,100,1.99,light rain
255,Palu,ID,-0.89,119.87,75.96,80,100,2.98,overcast clouds
256,Kaeo,NZ,-35.1,173.78,57.0,3,100,5.01,overcast clouds
257,Saint-Denis,FR,48.92,2.33,72.0,43,43,10.29,scattered clouds
258,Ahipara,NZ,-35.17,173.17,55.02,84,100,10.33,overcast clouds
259,Dikson,RU,73.51,80.55,52.56,83,82,8.25,broken clouds
260,Santa Adelia,BR,-21.24,-48.8,80.74,28,0,6.11,clear sky
261,El Alto,PE,-4.27,-81.21,69.08,69,23,16.71,few clouds
262,Revelstoke,CA,50.98,-118.2,68.0,82,1,3.36,clear sky
263,Lebu,CL,-37.62,-73.65,55.9,83,68,9.55,broken clouds
264,Zabol,AF,32.25,67.25,70.05,20,0,10.63,clear sky
265,Axim,GH,4.87,-2.24,74.14,78,0,8.21,clear sky
266,Tambura,SS,5.6,27.47,70.59,96,100,1.88,light rain
267,Livingston,GB,55.9,-3.52,62.01,62,20,9.17,few clouds
268,Vestmannaeyjar,IS,63.44,-20.27,51.8,87,75,20.8,broken clouds
269,Tignere,CM,7.37,12.65,65.52,98,100,1.1,moderate rain
270,Zyryanka,RU,65.75,150.85,54.48,66,25,5.44,scattered clouds
271,Trairi,BR,-3.28,-39.27,83.25,64,3,14.25,clear sky
272,Bambous Virieux,MU,-20.34,57.76,69.8,73,75,17.22,broken clouds
273,Rawlins,US,41.79,-107.24,80.6,22,1,4.7,clear sky
274,Tura,IN,25.52,90.22,79.09,81,100,1.43,overcast clouds
275,Paciran,ID,-6.88,112.38,75.43,80,57,7.76,broken clouds
276,Ilulissat,GL,69.22,-51.1,50.0,61,20,5.82,few clouds
277,Lata,PT,40.16,-8.33,71.01,65,1,5.99,clear sky
278,Chicama,PE,-7.84,-79.15,72.54,56,25,9.93,scattered clouds
279,Nechi,CO,8.09,-74.78,94.68,48,99,5.55,overcast clouds
280,Ayagoz,KZ,47.97,80.44,63.64,58,100,13.8,overcast clouds
281,Korla,CN,41.76,86.15,83.43,19,14,9.22,few clouds
282,Norman Wells,CA,65.28,-126.83,66.2,82,40,8.05,scattered clouds
283,Avera,US,33.19,-82.53,93.2,49,1,9.17,clear sky
284,Pleszew,PL,51.9,17.79,78.01,42,100,6.53,overcast clouds
285,Rochegda,RU,62.8,43.25,49.69,96,74,5.59,broken clouds
286,Yurgamysh,RU,55.37,64.47,72.73,59,0,11.72,clear sky
287,Mobaye,CF,4.32,21.18,72.9,93,100,2.46,light rain
288,Tautira,PF,-17.73,-149.15,80.6,69,75,9.17,broken clouds
289,Masakin,TN,35.73,10.58,89.6,46,0,9.17,clear sky
290,Bandarbeyla,SO,9.49,50.81,78.17,73,0,30.82,clear sky
291,La Ronge,CA,55.1,-105.28,77.0,47,20,9.17,few clouds
292,Ishigaki,JP,24.34,124.16,81.95,86,100,40.6,moderate rain
293,Chokurdakh,RU,70.63,147.92,49.03,68,100,4.56,overcast clouds
294,Luanda,AO,-8.84,13.23,73.4,78,96,4.7,overcast clouds
295,Victoria,HK,22.29,114.16,80.01,83,100,10.0,heavy intensity rain
296,Sao Miguel Do Iguacu,BR,-25.35,-54.24,84.2,39,0,8.05,clear sky
297,Salinas,US,36.68,-121.66,68.0,64,1,5.82,clear sky
298,Rockland,US,41.17,-74.05,90.0,77,66,9.4,light rain
299,Mirzapur,IN,25.15,82.58,84.2,83,40,4.36,haze
300,Raga,SS,8.46,25.68,71.51,90,100,2.53,overcast clouds
301,Paratinga,BR,-12.69,-43.18,89.33,21,0,7.0,clear sky
302,Lalibela,ET,12.03,39.03,59.85,87,100,1.39,light rain
303,Puro,PH,12.48,123.38,79.75,79,100,2.73,overcast clouds
304,Jasper,US,37.2,-94.35,82.99,58,40,10.29,scattered clouds
305,Qaqortoq,GL,60.72,-46.03,55.4,71,100,5.82,light intensity drizzle
306,Balsas,BR,-7.53,-46.04,96.37,23,25,7.34,scattered clouds
307,Belmonte,BR,-15.86,-38.88,77.0,61,40,6.93,scattered clouds
308,Luderitz,NA,-26.65,15.16,73.4,31,0,1.12,clear sky
309,Brae,GB,60.4,-1.35,55.4,87,20,12.75,few clouds
310,Ostrovnoy,RU,68.05,39.51,49.86,86,100,11.03,overcast clouds
311,Atbasar,KZ,51.8,68.33,71.85,55,0,7.0,clear sky
312,Namibe,AO,-15.2,12.15,66.02,88,0,1.3,clear sky
313,Itaituba,BR,-4.28,-55.98,95.0,32,20,5.82,few clouds
314,Bose,IT,45.46,8.01,75.0,68,100,1.01,moderate rain
315,Farkhor,TJ,37.49,69.4,78.8,44,20,2.24,few clouds
316,Vuktyl,RU,63.86,57.31,60.13,93,37,10.13,light rain
317,Nemuro,JP,43.32,145.57,63.01,94,1,10.69,clear sky
318,Tessalit,ML,20.2,1.01,103.87,15,2,7.31,clear sky
319,Male,MV,4.17,73.51,84.2,83,75,8.05,broken clouds
320,Bontang,ID,0.13,117.5,77.29,86,69,4.16,broken clouds
321,Mayumba,GA,-3.43,10.66,72.75,80,93,6.78,overcast clouds
322,Tuatapere,NZ,-46.13,167.68,44.55,89,81,3.15,broken clouds
323,Raesfeld,DE,51.77,6.85,69.01,52,0,1.99,clear sky
324,Virginia Beach,US,36.85,-75.98,93.99,52,75,14.99,broken clouds
325,Ust-Kut,RU,56.79,105.77,57.13,75,0,4.34,clear sky
326,Bratsk,RU,56.13,101.61,57.2,87,90,4.47,overcast clouds
327,Dukat,RU,62.55,155.55,46.89,71,1,2.73,clear sky
328,Manokwari,ID,-0.87,134.08,78.46,79,87,3.83,overcast clouds
329,Sao Joao Da Barra,BR,-21.64,-41.05,77.0,53,20,13.87,few clouds
330,Luxor,EG,25.7,32.64,96.8,28,0,3.36,clear sky
331,Bandundu,CD,-3.32,17.37,87.24,34,68,2.89,broken clouds
332,Klaksvik,FO,62.23,-6.59,50.0,100,100,13.87,light rain
333,Nome,US,64.5,-165.41,59.0,76,1,3.36,clear sky
334,Sorland,NO,67.67,12.69,59.0,82,100,8.05,overcast clouds
335,Namatanai,PG,-3.67,152.43,79.52,83,81,7.09,light rain
336,Wajir,KE,1.75,40.06,82.4,54,82,17.74,broken clouds
337,Erdenet,MN,49.03,104.08,56.21,74,100,4.07,overcast clouds
338,Zakupne,UA,49.12,26.34,63.0,62,43,2.01,scattered clouds
339,Rancho Palos Verdes,US,33.74,-118.39,79.0,73,40,4.7,scattered clouds
340,Sorong,ID,-0.88,131.25,77.79,92,100,11.9,moderate rain
341,Tommot,RU,58.96,126.29,51.44,80,100,3.74,overcast clouds
342,Meulaboh,ID,4.14,96.13,78.01,79,100,2.57,overcast clouds
343,Inuvik,CA,68.35,-133.72,51.8,93,90,3.36,shower rain
344,Makokou,GA,0.57,12.86,73.08,81,4,2.51,clear sky
345,Dingzhou,CN,38.51,115.0,80.6,88,75,2.24,broken clouds
346,Sinnar,SD,13.57,33.57,83.7,60,0,8.97,clear sky
347,Hualmay,PE,-11.1,-77.61,66.69,67,19,10.65,few clouds
348,Balakhta,RU,55.38,91.6,58.08,91,100,2.75,overcast clouds
349,Kuytun,RU,54.34,101.5,55.6,93,100,12.75,overcast clouds
350,Sheridan,US,44.83,-106.92,86.0,30,1,9.17,clear sky
351,Waipawa,NZ,-41.41,175.52,50.0,71,53,10.29,broken clouds
352,Nidda,DE,50.42,9.0,75.99,53,89,4.21,overcast clouds
353,Faanui,PF,-16.48,-151.75,78.46,80,91,13.15,overcast clouds
354,Nabire,ID,-3.37,135.48,74.91,90,95,4.41,overcast clouds
355,Cedar City,US,37.68,-113.06,95.0,6,1,16.11,clear sky
356,Halifax,CA,44.65,-63.57,84.0,42,75,4.7,broken clouds
357,Barreirinhas,BR,-2.75,-42.83,87.69,55,4,5.35,clear sky
358,Te Anau,NZ,-45.42,167.72,47.97,91,100,0.54,light rain
359,Zhanaozen,KZ,43.3,52.8,81.59,26,0,8.72,clear sky
360,Pochutla,MX,15.74,-96.47,93.2,52,40,9.17,scattered clouds
361,Broken Hill,AU,-31.95,141.43,53.6,37,100,8.05,overcast clouds
362,Susanville,US,40.42,-120.65,88.0,11,1,4.7,clear sky
363,Ketchikan,US,55.34,-131.65,59.0,100,90,13.87,overcast clouds
364,Wajima,JP,37.4,136.9,77.31,76,91,5.93,overcast clouds
365,Senanga,ZM,-16.12,23.27,60.91,33,0,4.99,clear sky
366,Pisco,PE,-13.7,-76.22,66.0,72,7,11.41,clear sky
367,Dongsheng,CN,39.82,109.98,66.79,44,0,4.74,clear sky
368,Srednekolymsk,RU,67.45,153.68,54.91,60,72,2.13,broken clouds
369,Buchanan,LR,5.88,-10.05,78.8,83,75,6.93,broken clouds
370,Santiago,CL,-33.46,-70.65,66.2,29,44,4.7,scattered clouds
371,Ararangua,BR,-28.93,-49.49,70.05,61,100,4.43,overcast clouds
372,Bathurst,AU,-33.42,149.58,43.0,31,100,0.34,overcast clouds
373,Huanren,CN,41.26,125.37,67.69,93,100,1.25,overcast clouds
374,Bonfim,BR,3.08,-59.95,85.87,64,0,7.56,light rain
375,Port Moresby,PG,-9.44,147.18,73.4,88,75,3.36,broken clouds
376,Saint-Joseph,RE,-21.37,55.62,69.8,60,90,12.75,overcast clouds
377,Tiarei,PF,-17.53,-149.33,80.6,69,75,9.17,broken clouds
378,Igrim,RU,63.19,64.42,67.51,85,100,9.17,overcast clouds
379,Batagay-Alyta,RU,67.8,130.41,49.24,75,100,1.92,overcast clouds
380,Coari,BR,-4.08,-63.14,94.57,31,21,2.82,few clouds
381,Eyl,SO,7.98,49.82,79.61,66,0,24.9,clear sky
382,Tazmalt,DZ,36.39,4.4,82.4,83,20,6.93,few clouds
383,Tshela,CD,-4.98,12.93,70.45,78,36,4.21,scattered clouds
384,Talnakh,RU,69.49,88.4,59.0,67,97,4.47,overcast clouds
385,Yulara,AU,-25.24,130.99,41.0,23,0,5.82,clear sky
386,Fairbanks,US,64.84,-147.72,66.2,82,40,5.82,scattered clouds
387,Moose Factory,CA,51.26,-80.61,59.0,67,90,10.29,overcast clouds
388,Plettenberg Bay,ZA,-34.05,23.37,63.41,53,0,1.25,clear sky
389,Saldanha,ZA,-33.01,17.94,59.0,72,0,2.24,clear sky
390,Niamtougou,TG,9.77,1.11,77.0,73,40,6.93,scattered clouds
391,Florence,IT,43.77,11.25,86.0,58,8,11.41,clear sky
392,College,US,64.86,-147.8,66.2,72,75,8.05,broken clouds
393,Izhma,RU,65.01,53.91,54.43,96,100,7.81,moderate rain
394,Andenes,NO,69.31,16.12,60.8,82,0,13.87,clear sky
395,Asau,RO,46.43,26.4,59.0,79,0,0.78,clear sky
396,Paris,FR,48.85,2.35,73.99,43,27,9.17,scattered clouds
397,Codrington,AU,-38.27,141.97,42.06,88,51,9.04,broken clouds
398,Miraflores,MX,19.22,-98.81,78.8,49,40,3.27,scattered clouds
399,Suoyarvi,RU,62.08,32.35,52.86,93,98,3.6,overcast clouds
400,Duki,PK,30.15,68.57,91.06,30,0,8.28,clear sky
401,Haines Junction,CA,60.75,-137.51,60.28,59,100,8.08,overcast clouds
402,Kirkwall,GB,58.98,-2.96,55.4,82,20,13.87,few clouds
403,Misratah,LY,32.38,15.09,82.65,69,0,10.02,clear sky
404,Hambantota,LK,6.12,81.12,77.0,100,75,3.36,broken clouds
405,Sfantu Gheorghe,RO,45.87,25.78,64.0,74,0,3.89,clear sky
406,Brokopondo,SR,4.75,-55.17,83.08,64,13,1.99,light rain
407,Sur,OM,22.57,59.53,84.31,70,18,12.08,few clouds
408,Pandan,PH,14.05,124.17,79.41,80,100,3.8,overcast clouds
409,Hami,CN,42.8,93.45,82.65,15,100,3.87,overcast clouds
410,Jasidih,IN,24.52,86.65,86.72,65,100,3.89,overcast clouds
411,Oranjemund,NA,-28.55,16.43,68.27,28,0,5.86,clear sky
412,Vila Velha,BR,-20.33,-40.29,75.2,60,20,14.99,few clouds
413,Havoysund,NO,71.0,24.66,50.0,87,75,2.24,broken clouds
414,Novo Aripuana,BR,-5.12,-60.38,98.29,20,98,3.8,overcast clouds
415,Quatre Cocos,MU,-20.21,57.76,69.8,73,75,17.22,broken clouds
416,Ahuimanu,US,21.44,-157.84,78.8,73,40,8.05,scattered clouds
417,Melfi,IT,41.0,15.65,84.2,42,75,1.12,broken clouds
418,Dneprovskaya,RU,45.62,38.81,69.01,80,0,5.59,clear sky
419,Saint-Pierre,RE,-21.34,55.48,69.8,60,90,12.75,overcast clouds
420,Murgab,TM,37.5,61.97,84.2,35,0,5.57,clear sky
421,Kenai,US,60.55,-151.26,57.2,93,90,6.93,mist
422,Vangaindrano,MG,-23.35,47.6,64.42,72,100,3.65,overcast clouds
423,Manresa,ES,41.73,1.83,82.0,63,0,4.0,clear sky
424,Mahibadhoo,MV,3.78,72.97,82.51,80,100,14.07,light rain
425,Millinocket,US,45.66,-68.71,84.2,54,40,8.05,scattered clouds
426,Mumbwa,ZM,-14.98,27.06,54.46,46,0,5.21,clear sky
427,Kommunisticheskiy,RU,61.68,64.48,71.26,55,100,9.42,overcast clouds
428,Mochalishche,RU,56.33,48.35,59.0,93,75,2.24,light intensity shower rain
429,Varzea Da Palma,BR,-17.6,-44.73,82.06,31,0,9.31,clear sky
430,Seoul,KR,37.57,126.98,78.8,94,90,3.36,moderate rain
431,Mayor Pablo Lagerenza,PY,-19.93,-60.77,97.23,19,18,9.26,few clouds
432,Hokitika,NZ,-42.72,170.97,51.37,87,100,2.91,light rain
433,Borogontsy,RU,62.67,131.17,56.05,54,97,3.33,overcast clouds
434,Cap Malheureux,MU,-19.98,57.61,69.01,74,33,7.0,scattered clouds
435,Butler,US,39.45,-84.57,77.0,69,90,8.05,overcast clouds
436,Jacksonville,US,30.33,-81.66,90.0,59,75,10.29,shower rain
437,Coquimbo,CL,-29.95,-71.34,62.6,59,0,11.41,clear sky
438,Bintulu,MY,3.17,113.03,77.0,94,40,5.82,scattered clouds
439,Rocha,UY,-34.48,-54.33,65.64,80,100,0.81,overcast clouds
440,Punta De Bombon,PE,-17.17,-71.79,62.28,72,100,7.65,overcast clouds
441,Stanesti,RO,43.92,25.83,78.01,44,0,9.51,clear sky
442,Sompeta,IN,18.93,84.6,84.49,78,95,9.84,overcast clouds
443,Qinhuangdao,CN,39.93,119.59,75.06,91,28,4.94,scattered clouds
444,Isangel,VU,-19.55,169.27,60.8,72,0,4.7,clear sky
445,Rondonopolis,BR,-16.47,-54.64,94.84,18,0,7.4,clear sky
446,Da Nang,VN,16.07,108.22,78.8,88,75,8.05,broken clouds
447,Treinta Y Tres,UY,-33.23,-54.38,75.27,71,100,5.06,overcast clouds
448,Chapais,CA,49.78,-74.85,64.4,88,90,9.17,thunderstorm with light rain
449,Miri,MY,4.41,114.01,78.8,94,40,1.12,scattered clouds
450,Ouadda,CF,8.08,22.4,69.98,93,99,3.6,moderate rain
451,Itambacuri,BR,-18.03,-41.69,72.68,61,27,6.8,light rain
452,Nioro,GM,13.35,-15.75,78.44,88,100,3.38,overcast clouds
453,Richards Bay,ZA,-28.78,32.04,66.06,77,0,15.75,clear sky
454,Uitenhage,ZA,-33.76,25.4,68.0,37,0,9.17,clear sky
455,Laguna,US,38.42,-121.42,82.99,47,1,3.36,clear sky
456,Saint Simons,US,31.14,-81.39,89.6,70,20,11.41,few clouds
457,Pasni,PK,25.26,63.47,84.06,84,96,10.27,overcast clouds
458,Yar-Sale,RU,66.83,70.83,60.98,69,84,10.54,broken clouds
459,Mosquera,CO,4.71,-74.23,68.0,34,40,16.11,scattered clouds
460,Clarence Town,AU,-32.58,151.78,48.0,100,88,4.7,overcast clouds
461,Popondetta,PG,-8.75,148.25,72.09,83,8,2.15,clear sky
462,Longido,TZ,-2.73,36.68,63.41,61,49,12.5,scattered clouds
463,Ixtapa,MX,20.7,-105.2,89.01,74,75,5.82,broken clouds
464,Hof,DE,50.32,11.92,64.0,97,100,5.99,overcast clouds
465,Simao,CN,22.79,100.97,69.3,86,100,2.66,overcast clouds
466,Leiva,CO,1.93,-77.3,78.8,31,20,8.05,few clouds
467,Manavalakurichi,IN,8.13,77.3,80.6,88,90,1.12,mist
468,Kutum,SD,14.2,24.67,73.53,76,83,11.32,light rain
469,Rosarito,MX,32.33,-117.03,80.6,57,1,5.82,clear sky
470,Soyo,AO,-6.13,12.37,72.66,85,0,7.45,clear sky
471,Yantal,RU,56.85,105.25,56.57,75,0,4.63,clear sky
472,Mizdah,LY,31.45,12.98,87.08,16,4,12.75,clear sky
473,Nouadhibou,MR,20.93,-17.03,75.2,78,0,25.28,clear sky
474,Kodinar,IN,20.79,70.7,84.15,84,100,7.67,overcast clouds
475,Kamyaran,IR,34.8,46.94,84.2,13,0,9.17,clear sky
476,Tulsipur,NP,28.13,82.3,84.99,82,20,5.01,few clouds
477,Geraldton,AU,-28.77,114.6,57.2,93,75,8.05,broken clouds
478,Olonets,RU,60.98,32.97,54.88,89,88,2.15,overcast clouds
479,Ust-Ilimsk,RU,58.0,102.66,54.55,75,58,3.58,broken clouds
480,Kirovskiy,RU,45.09,133.51,69.69,95,100,2.8,overcast clouds
481,Coihaique,CL,-45.58,-72.07,46.4,65,75,1.72,broken clouds
482,Sao Jose Da Coroa Grande,BR,-8.9,-35.15,76.78,75,87,14.36,overcast clouds
483,Port Hardy,CA,50.7,-127.42,57.2,93,90,2.24,light rain
484,Paramonga,PE,-10.67,-77.83,66.06,69,13,10.25,few clouds
485,Vardo,NO,70.37,31.11,50.0,87,75,10.29,shower rain
486,Nola,IT,40.92,14.53,82.99,65,0,2.24,clear sky
487,Auchel,FR,50.5,2.47,66.99,76,0,8.46,clear sky
488,Jiexiu,CN,37.02,111.91,79.52,55,100,4.12,overcast clouds
489,Pareora,NZ,-44.49,171.21,48.0,97,100,2.39,overcast clouds
490,Olafsvik,IS,64.89,-23.71,47.23,87,53,19.1,broken clouds
491,Taybad,IR,34.74,60.78,76.71,18,0,11.23,clear sky
492,Kholm,RU,59.27,32.85,55.36,80,44,3.6,scattered clouds
493,Vao,NC,-22.67,167.48,67.75,72,0,14.12,clear sky
494,Port Hedland,AU,-20.32,118.57,60.8,100,100,2.24,overcast clouds
495,Porto Walter,BR,-8.27,-72.74,94.3,25,0,3.6,clear sky
496,Baykit,RU,61.67,96.37,59.65,86,49,3.33,scattered clouds
497,Noumea,NC,-22.28,166.46,69.01,93,90,5.23,overcast clouds
498,Lucapa,AO,-8.42,20.74,74.64,29,100,4.63,overcast clouds
499,Bonthe,SL,7.53,-12.51,73.99,87,100,9.08,overcast clouds
500,Laguna De Perlas,NI,12.34,-83.67,87.8,70,20,4.7,few clouds
501,Gorahun,SL,7.47,-11.24,71.56,98,100,1.9,light rain
502,Mayo,US,38.89,-76.51,91.99,62,20,4.7,few clouds
503,Kaili,ID,-3.46,120.21,68.52,92,100,1.14,overcast clouds
504,Micheweni,TZ,-4.97,39.83,75.2,81,0,13.53,clear sky
505,Neryungri,RU,56.67,124.65,55.15,93,100,3.49,light rain
506,Imbituba,BR,-28.24,-48.67,77.0,53,4,10.29,clear sky
507,San Carlos De Bariloche,AR,-41.15,-71.31,48.2,45,75,11.41,broken clouds
508,Qasigiannguit,GL,68.82,-51.19,50.0,61,20,5.82,few clouds
509,Fallon,US,39.47,-118.78,93.0,11,20,8.05,few clouds
510,Wattegama,LK,6.8,81.48,77.0,100,75,3.36,broken clouds
511,Tevaitoa,PF,-16.78,-151.5,79.11,77,92,12.08,overcast clouds
512,Port Blair,IN,11.67,92.75,82.58,80,100,25.57,moderate rain
513,Kishtwar,IN,33.32,75.77,66.24,70,17,3.36,few clouds
514,Townsville,AU,-19.25,146.8,63.0,82,1,4.7,clear sky
515,Aneho,TG,6.23,1.6,77.0,83,20,12.75,few clouds
516,Poum,NC,-20.23,164.02,69.04,59,11,5.7,few clouds
517,Ilam,NP,26.92,87.92,82.4,88,40,1.12,scattered clouds
518,Liku,ID,-0.73,119.89,75.34,85,100,3.38,overcast clouds
519,Paldiski,EE,59.36,24.05,64.4,63,100,8.05,overcast clouds
520,Parrita,CR,9.52,-84.32,82.4,65,40,12.75,scattered clouds
521,Akcakoca,TR,41.09,31.12,69.75,73,0,8.25,clear sky
522,Wake Forest,US,35.98,-78.51,93.0,62,1,11.41,clear sky
523,Le Vauclin,MQ,14.55,-60.84,89.6,66,75,11.41,broken clouds
524,Awjilah,LY,29.11,21.29,89.46,36,0,16.06,clear sky
525,Zaysan,KZ,47.47,84.87,67.86,34,12,6.35,few clouds
526,Bida,NG,9.08,6.02,76.69,88,99,4.21,light rain
527,Caravelas,BR,-17.71,-39.25,73.31,70,1,12.06,light rain
528,Guican,CO,6.46,-72.41,60.57,67,60,2.24,light rain
529,Pemangkat,ID,1.17,108.97,77.97,92,100,7.47,overcast clouds
530,Bara,NG,10.37,10.73,75.4,87,100,5.23,overcast clouds
531,Mingguang,CN,32.78,117.96,80.65,87,100,7.81,overcast clouds
532,Qingdao,CN,36.1,120.37,82.4,78,1,6.71,light rain
533,Bulgan,MN,48.81,103.53,54.63,78,100,4.12,overcast clouds
534,Raypur,IN,22.41,88.51,89.6,94,40,6.93,haze
535,Mbekenyera,TZ,-10.0,38.98,70.0,75,62,6.4,broken clouds
536,Ati,TD,13.22,18.34,75.6,86,100,15.03,moderate rain
537,Westport,US,41.14,-73.36,84.0,83,90,9.17,overcast clouds
538,Lubyany,RU,56.04,51.4,59.0,77,0,1.45,clear sky
539,Santa Vitoria Do Palmar,BR,-33.52,-53.37,65.08,81,100,3.96,overcast clouds
540,Zharkent,KZ,44.16,80.0,70.81,44,2,1.81,clear sky
541,Tadine,NC,-21.55,167.88,65.97,70,28,10.49,scattered clouds
542,Cockburn Town,TC,21.46,-71.14,86.0,70,40,13.87,scattered clouds
543,Magrath,CA,49.42,-112.87,78.8,50,20,12.75,few clouds
544,Hanzhong,CN,33.07,107.03,73.27,85,0,0.38,clear sky
545,Warrington,GB,53.39,-2.58,63.0,63,100,10.29,overcast clouds
546,Diego De Almagro,CL,-26.37,-70.05,84.47,13,0,9.57,clear sky
547,Buraydah,SA,26.33,43.98,104.0,19,9,6.93,clear sky
548,Nenjiang,CN,49.18,125.22,66.38,96,100,5.95,moderate rain
549,Pali,IN,25.77,73.33,84.96,76,100,8.68,overcast clouds
550,Mirabad,AF,30.44,61.84,89.8,11,0,13.38,clear sky
551,Tselinnoye,RU,53.08,85.67,58.64,85,0,6.78,clear sky
552,Vyazma,RU,55.21,34.3,51.58,89,0,3.38,clear sky
553,Komsomolskiy,UZ,40.43,71.72,77.0,41,0,6.93,clear sky
554,Zhiryatino,RU,53.22,33.73,55.17,90,0,4.85,clear sky
555,Mitu,CO,1.2,-70.17,90.16,45,95,4.07,overcast clouds
556,Douglas,US,41.3,-96.17,78.8,54,40,8.05,scattered clouds
557,Kargasok,RU,59.06,80.86,61.32,89,99,2.91,overcast clouds
558,Barabai,ID,-2.58,115.38,73.92,95,99,1.12,light rain
559,Matay,EG,28.42,30.78,88.75,18,0,6.13,clear sky
560,Andrelandia,BR,-21.74,-44.31,69.04,43,0,8.16,clear sky
561,Cap-Aux-Meules,CA,47.38,-61.86,77.0,69,40,12.75,scattered clouds
562,Niimi,JP,34.98,133.47,75.0,95,86,0.4,overcast clouds
563,Emirdag,TR,39.02,31.15,69.08,39,0,7.23,clear sky
564,Sao Felix Do Xingu,BR,-6.64,-51.99,92.25,31,100,6.38,overcast clouds
565,Shenjiamen,CN,29.96,122.3,81.12,88,99,12.91,overcast clouds
566,Surgut,RU,61.25,73.42,69.8,73,20,6.71,few clouds
567,Kattivakkam,IN,13.22,80.32,78.8,88,90,11.41,thunderstorm with light rain
568,Stokmarknes,NO,68.56,14.91,68.0,77,15,8.05,few clouds
569,Chumikan,RU,54.72,135.31,48.67,93,83,2.86,broken clouds
570,Aden,YE,12.78,45.04,89.26,68,0,19.39,clear sky
571,Vancouver,CA,49.25,-123.12,75.0,60,75,12.75,broken clouds
572,Henties Bay,NA,-22.12,14.28,73.0,39,0,3.0,clear sky
573,Salima,MW,-13.78,34.46,71.17,57,73,11.21,broken clouds
574,Juneau,US,58.3,-134.42,57.2,93,90,12.75,light rain
575,Udachnyy,RU,66.42,112.4,62.6,48,100,4.47,overcast clouds
576,Kjollefjord,NO,70.95,27.35,50.0,87,75,2.24,broken clouds
577,Pascagoula,US,30.37,-88.56,96.8,47,75,5.82,broken clouds
578,Monrovia,LR,6.3,-10.8,78.8,83,75,6.93,broken clouds
579,Balagansk,RU,54.01,103.05,57.92,92,84,11.18,broken clouds
580,Esperanza,DO,19.58,-70.98,93.0,53,61,4.0,broken clouds
581,Montepuez,MZ,-13.13,39.0,66.02,77,0,7.76,clear sky
582,Diyarb Najm,EG,30.75,31.44,91.4,41,0,12.75,clear sky
583,Maiduguri,NG,11.85,13.16,77.11,81,91,11.23,light rain
584,Galveston,US,29.37,-94.97,93.99,59,1,9.17,clear sky
585,Murray Bridge,AU,-35.12,139.27,50.0,99,100,3.27,overcast clouds
586,Vondrozo,MG,-22.82,47.28,54.28,90,91,1.86,overcast clouds
587,San Quintin,MX,30.48,-115.95,80.29,53,0,8.39,clear sky
588,Shache,CN,38.42,77.24,74.91,21,42,5.32,scattered clouds
589,Anadyr,RU,64.75,177.48,50.0,81,75,12.68,shower rain
590,Orange Cove,US,36.62,-119.31,91.0,35,1,3.38,clear sky
591,Mackenzie,CA,55.3,-123.17,68.0,64,75,3.36,broken clouds
592,Biak,ID,-0.91,122.88,75.2,84,100,4.03,light rain
593,Kumano,JP,34.34,132.59,80.6,78,75,1.88,broken clouds
594,Ngunguru,NZ,-35.62,174.5,57.0,3,100,5.01,light rain
595,Gornyy,RU,55.12,83.91,57.96,93,0,6.22,clear sky
596,Playa Vicente,MX,17.83,-95.82,87.49,69,0,5.73,clear sky
597,Richmond,US,37.55,-77.46,98.01,52,40,13.87,scattered clouds
598,Egvekinot,RU,66.32,-179.17,43.57,70,12,1.57,few clouds
599,Jumla,NP,29.27,82.18,64.15,70,66,1.72,broken clouds
600,Floro,NO,61.6,5.03,55.4,87,75,8.05,shower rain
601,Moerai,PF,-22.43,-151.33,69.84,77,100,5.79,overcast clouds
602,Mardin,TR,37.31,40.74,91.4,17,0,6.93,clear sky
603,Trinidad,BO,-14.83,-64.9,91.4,38,20,5.82,few clouds
604,Elat,IL,29.56,34.95,91.4,59,0,5.1,clear sky
605,Presidencia Roque Saenz Pena,AR,-26.79,-60.44,89.92,29,0,10.02,clear sky
606,Lac-Au-Saumon,CA,48.42,-67.35,82.99,73,40,9.17,scattered clouds
607,Phalaborwa,ZA,-23.94,31.14,64.4,55,0,5.82,clear sky
608,Nishihara,JP,26.18,127.76,84.2,83,75,17.22,broken clouds
609,Beisfjord,NO,68.38,17.6,68.0,60,11,2.24,few clouds
610,Inzer,RU,54.22,57.56,62.33,89,92,5.28,overcast clouds
611,Hirara,JP,24.8,125.28,83.52,82,100,33.87,moderate rain
612,Preobrazheniye,RU,42.9,133.91,67.86,94,100,7.78,light rain
613,Sarkand,KZ,45.41,79.92,70.68,37,98,4.81,overcast clouds
614,Ichchapuram,IN,19.12,84.7,84.94,77,90,7.7,overcast clouds
615,Touros,BR,-5.2,-35.46,82.4,69,40,11.41,scattered clouds
616,Lakatoro,VU,-16.1,167.42,75.2,88,40,6.93,scattered clouds
617,Mwense,ZM,-10.38,28.7,66.16,31,19,6.64,few clouds
618,Ubinskoye,RU,55.31,79.68,65.32,91,2,2.46,clear sky
619,Port Macquarie,AU,-31.43,152.92,43.0,98,6,4.5,clear sky
620,Ballina,AU,-28.87,153.57,51.01,100,79,6.55,broken clouds
621,Xining,CN,36.62,101.77,59.0,53,88,2.13,overcast clouds
622,Moron,AR,-34.65,-58.62,72.0,77,100,8.05,overcast clouds
623,Trat,TH,12.5,102.5,77.09,94,100,9.15,moderate rain
624,Kununurra,AU,-15.77,128.73,55.4,43,92,4.59,overcast clouds
625,Ishinomaki,JP,38.42,141.3,68.32,93,17,3.49,few clouds
626,Maryville,US,35.76,-83.97,84.99,54,90,11.41,overcast clouds
627,Boyuibe,BO,-20.42,-63.28,88.57,23,0,12.91,clear sky
628,Rorvik,NO,64.86,11.24,59.0,100,75,9.17,fog
629,Gamba,GA,-2.65,10.0,72.88,75,87,6.93,overcast clouds
630,Urumqi,CN,43.8,87.6,82.99,34,100,6.71,overcast clouds
631,Mujiayingzi,CN,42.12,118.78,69.39,49,0,8.37,clear sky
632,Tocache,PE,-8.18,-76.51,87.44,45,5,1.48,clear sky
633,Champerico,GT,14.3,-91.92,91.4,63,20,6.93,few clouds
634,High Level,CA,58.52,-117.14,78.8,65,20,4.7,few clouds
635,Kailua,US,21.4,-157.74,78.8,73,40,8.05,scattered clouds
636,Tiznit,MA,29.58,-9.5,89.08,28,26,1.99,scattered clouds
637,Puerto Madero,MX,14.72,-92.42,89.6,66,40,2.24,scattered clouds
638,Quixeramobim,BR,-5.2,-39.29,90.43,36,72,6.82,broken clouds
639,The Valley,AI,18.22,-63.06,89.6,74,20,10.29,few clouds
640,Antofagasta,CL,-23.65,-70.4,59.0,72,20,11.41,few clouds
641,Sile,TR,41.18,29.61,75.99,60,0,5.99,clear sky
642,Spilimbergo,IT,46.11,12.9,77.0,78,100,4.0,moderate rain
643,Miramar,US,25.99,-80.23,87.01,79,90,16.11,light rain
644,Petropavlovsk-Kamchatskiy,RU,53.05,158.65,55.4,100,90,1.48,light intensity shower rain
645,Pontianak,ID,-0.03,109.33,77.5,92,100,2.93,overcast clouds
646,Sabha,LY,27.04,14.43,88.29,13,0,6.73,clear sky
647,Tolmachevo,RU,54.98,82.74,60.8,93,0,2.24,clear sky
648,Balkanabat,TM,39.51,54.37,92.57,13,0,9.22,clear sky
649,Grand Gaube,MU,-20.01,57.66,69.01,74,46,7.0,scattered clouds
650,Ibipeba,BR,-11.64,-42.01,81.07,32,2,13.09,clear sky
651,Susangerd,IR,31.56,48.18,96.8,25,0,2.24,clear sky
652,Gotsu,JP,35.0,132.22,75.45,82,100,4.56,overcast clouds
653,Itajuba,BR,-22.43,-45.45,78.8,29,20,4.7,few clouds
654,Bolshaya Glushitsa,RU,50.24,43.59,61.38,76,77,2.71,broken clouds
655,Koulamoutou,GA,-1.13,12.47,75.76,78,100,4.76,light rain
656,Solnechnyy,RU,50.72,136.63,52.7,88,100,8.46,overcast clouds
657,Trapani,IT,37.83,12.67,84.99,89,0,6.93,clear sky
658,Tranas,SE,58.04,14.98,66.2,72,37,16.11,scattered clouds
659,Kasungu,MW,-13.03,33.48,58.77,64,0,4.83,clear sky
660,Nanortalik,GL,60.14,-45.24,47.73,90,85,12.21,overcast clouds
661,Requena,ES,39.49,-1.1,82.0,74,9,1.01,clear sky
662,Springbok,ZA,-29.66,17.89,60.44,30,0,4.76,clear sky
663,Veracruz,MX,19.33,-96.67,90.0,66,40,10.29,scattered clouds
664,Llorente,PH,11.41,125.55,81.01,80,100,5.53,overcast clouds
665,Awash,ET,8.98,40.17,78.35,54,100,10.76,light rain
666,Anloga,GH,5.79,0.9,77.0,83,20,12.75,few clouds
667,Prince Rupert,CA,54.32,-130.32,59.0,100,90,3.18,overcast clouds
668,Safaga,EG,26.73,33.94,91.4,49,0,3.24,clear sky
669,Beruwala,LK,6.48,79.98,78.85,87,100,8.97,moderate rain
670,Praia,CV,14.92,-23.51,84.2,79,20,12.75,few clouds
671,Mackay,AU,-21.15,149.2,55.4,93,90,4.7,overcast clouds
672,Banikoara,BJ,11.3,2.44,76.37,88,100,4.61,moderate rain
673,Yinchuan,CN,38.47,106.27,80.33,16,100,6.73,overcast clouds
674,Cumberland,US,35.05,-78.87,93.99,49,20,12.75,few clouds
675,Grand-Santi,GF,4.25,-54.38,82.09,91,58,2.3,moderate rain
676,Obera,AR,-27.49,-55.12,79.59,45,0,2.71,clear sky
677,Concepcion De Buenos Aires,MX,19.97,-103.27,75.2,53,40,4.7,scattered clouds
678,Beeville,US,28.4,-97.75,93.2,52,1,5.82,clear sky
679,La Sarre,CA,48.8,-79.2,56.82,88,100,12.01,overcast clouds
680,Den Helder,NL,52.96,4.76,64.0,72,75,8.05,broken clouds
681,Oktyabrskoye,RU,43.06,44.74,64.4,100,100,6.71,light rain
682,Razole,IN,16.48,81.83,82.2,83,100,6.49,moderate rain
683,Grindavik,IS,63.84,-22.43,51.8,81,75,16.11,broken clouds
684,Tak,TH,16.58,98.83,68.7,100,100,4.94,moderate rain
685,Lumeje,AO,-11.55,20.78,65.19,28,100,5.86,overcast clouds
